{"mu": {"std": 0.09717663658384294, "mean": 0.15595108550518627, "is_per_atom": true}, "alpha": {"std": 0.49349117716433344, "mean": 4.231416385115518, "is_per_atom": true}, "HOMO": {"std": 0.5902897432274722, "mean": -6.540640883646554, "is_per_atom": false}, "LUMO": {"std": 1.2746293657179038, "mean": 0.32602133521611376, "is_per_atom": false}, "gap": {"std": 1.2766274678618164, "mean": 6.866660086780394, "is_per_atom": false}, "R2": {"std": 15.155843478663048, "mean": 66.66399642105623, "is_per_atom": true}, "ZPVE": {"std": 0.015557119534318174, "mean": 0.2227171976776771, "is_per_atom": true}, "U0": {"std": 0.1887553790098696, "mean": -4.243179478176587, "is_per_atom": true}, "U": {"std": 0.1880516450435296, "mean": -4.268772488047512, "is_per_atom": true}, "H": {"std": 0.18786239931909904, "mean": -4.293006729918557, "is_per_atom": true}, "G": {"std": 0.18693572665620914, "mean": -3.9502449358962504, "is_per_atom": true}, "Cv": {"std": 0.18875628643369433, "mean": 1.7722169167199937, "is_per_atom": true}, "omega1": {"std": 267.1717590805763, "mean": 3504.0276305208026, "is_per_atom": false}}